Name,Lv,Exp,HP,MP,PhysAtk,MagicAtk,PhysDef,MagicDef,Spd,SP,Element,ResistFire,ResistLightning,ResistIce,ResistWind,Skills
スライム1,1,21,40,12,8,7,5,5,9,1,none,-20,0,0,0,tackle
スライム2,1,21,40,12,8,7,5,5,9,1,none,-20,0,0,0,tackle
スライム3,1,21,40,12,8,7,5,5,9,1,none,-20,0,0,0,tackle
ゴブリン1,2,27,50,14,10,9,6,6,10,1,none,0,0,0,0,club_smash
ゴブリン2,2,27,50,14,10,9,6,6,10,1,none,0,0,0,0,club_smash
ゴブリン3,2,27,50,14,10,9,6,6,10,1,none,0,0,0,0,club_smash
オーク1,3,33,60,16,12,11,7,7,11,1,none,0,0,0,0,heavy_slam
オーク2,3,33,60,16,12,11,7,7,11,1,none,0,0,0,0,heavy_slam
オーク3,3,33,60,16,12,11,7,7,11,1,none,0,0,0,0,heavy_slam
コボルト1,4,39,70,18,14,13,8,8,12,1,none,0,0,0,0,bite
コボルト2,4,39,70,18,14,13,8,8,12,1,none,0,0,0,0,bite
コボルト3,4,39,70,18,14,13,8,8,12,1,none,0,0,0,0,bite
リザードマン1,5,45,80,20,16,15,9,9,13,2,none,0,0,-20,0,tail_sweep
リザードマン2,5,45,80,20,16,15,9,9,13,2,none,0,0,-20,0,tail_sweep
リザードマン3,5,45,80,20,16,15,9,9,13,2,none,0,0,-20,0,tail_sweep
ワイルドウルフ1,6,51,90,22,18,17,10,10,14,2,none,0,0,0,0,bite
ワイルドウルフ2,6,51,90,22,18,17,10,10,14,2,none,0,0,0,0,bite
ワイルドウルフ3,6,51,90,22,18,17,10,10,14,2,none,0,0,0,0,bite
ジャイアントバット1,8,63,110,26,22,21,12,12,16,2,wind,0,-20,0,20,supersonic
ジャイアントバット2,8,63,110,26,22,21,12,12,16,2,wind,0,-20,0,20,supersonic
ジャイアントバット3,8,63,110,26,22,21,12,12,16,2,wind,0,-20,0,20,supersonic
マッドプラント1,10,75,130,30,26,25,14,14,18,3,none,-30,0,20,0,spore_cloud
マッドプラント2,10,75,130,30,26,25,14,14,18,3,none,-30,0,20,0,spore_cloud
マッドプラント3,10,75,130,30,26,25,14,14,18,3,none,-30,0,20,0,spore_cloud
ストーンゴーレム1,12,87,150,34,30,29,16,16,20,3,none,20,-20,0,0,rock_punch
ストーンゴーレム2,12,87,150,34,30,29,16,16,20,3,none,20,-20,0,0,rock_punch
ストーンゴーレム3,12,87,150,34,30,29,16,16,20,3,none,20,-20,0,0,rock_punch
スケルトン1,14,99,170,38,34,33,18,18,22,3,none,-20,0,20,0,bone_cleave
スケルトン2,14,99,170,38,34,33,18,18,22,3,none,-20,0,20,0,bone_cleave
スケルトン3,14,99,170,38,34,33,18,18,22,3,none,-20,0,20,0,bone_cleave
